系列,magnet,类别,演员,coverimage,发行日期,发行商,长度,title,导演,制作商,torrenthash,URL,avid,torrentname
,magnet:?xt=urn:btih:5A4F6D5676E0BD9A685AB9E5EBC050F3F6D2C970&dn=kuse-012,,,,,,,華奢なカラダが覚醒する緊縛ドMセ系ドM公務員 捧いのり,,,,https://www.sehuatang.net/thread-513557-1-1.html,kuse-012,
,magnet:?xt=urn:btih:5A07E19AE04EF80AE3337C816A0EE0A4EAFDC6C5&dn=sdnm-277,,,,,,,この笑顔を何度でもリピートしたい癒泉結氷 33歳,,,,https://www.sehuatang.net/thread-513545-1-1.html,sdnm-277,
,magnet:?xt=urn:btih:9162C0BD6E00EA07CB84C396770911C4EA065593&dn=sdmf-019,,,,,,,僕は子供部屋おじさんです。母で性欲処理平岡里枝子,,,,https://www.sehuatang.net/thread-513544-1-1.html,sdmf-019,
,magnet:?xt=urn:btih:40E3BA24A9F165B6C4175C79990AE9673E01285F&dn=sdam-061,,,,,,,石和温泉で見つけたお友達と旅行中の人妻,,,,https://www.sehuatang.net/thread-513540-1-1.html,sdam-061,
,magnet:?xt=urn:btih:8293AD3A60719C44239B8C89C94BDC6E7EA107AD&dn=san-002,,,,,,,仲良くなった風俗嬢を家に呼んで先輩とやりたい放題 伊東沙蘭,,,,https://www.sehuatang.net/thread-513538-1-1.html,san-002,
,magnet:?xt=urn:btih:42793EB02A63819EC5EECF5AE16121DC1E179E5E&dn=san-001,,,,,,,夫の横で義父に犯●れる清楚な妻 希のぞみ,,,,https://www.sehuatang.net/thread-513537-1-1.html,san-001,
,magnet:?xt=urn:btih:B05C2EFE1FE7EDA90578DE520C853B126701D61A&dn=kire-035,,,,,,,私の中でいっぱい気持ちよくなって欲森美希 40歳,,,,https://www.sehuatang.net/thread-513532-1-1.html,kire-035,
,magnet:?xt=urn:btih:B059A78E9243741C0B177F287106AFC5D625EE30&dn=arm-973,,,,,,,腋が好きな男子、お姉さまのフ手コキで昇天する,,,,https://www.sehuatang.net/thread-513529-1-1.html,arm-973,
,magnet:?xt=urn:btih:761EFFDCBEB5B43803EBDF866739C8EFF90FFA0B&dn=stars-362,,,,,,,絶対種付けおじさんにデカチンをグリグリ子宮に押乃木蛍,,,,https://www.sehuatang.net/thread-513525-1-1.html,stars-362,
,magnet:?xt=urn:btih:CB9DAC3580FB9D990AE89A2AC8CB5EEA0AF9CEE6&dn=stars-353,,,,,,,混浴社員旅行NTR 温泉好きな会社の先輩本庄鈴,,,,https://www.sehuatang.net/thread-513523-1-1.html,stars-353,
,magnet:?xt=urn:btih:07D086FA71DE958527A59717549C82B3A6A84B86&dn=stars-350,,,,,,,極上至極のごちそうヒップSPECIALお尻マニア唯井まひろ,,,,https://www.sehuatang.net/thread-513521-1-1.html,stars-350,
,magnet:?xt=urn:btih:8A85085376D129FEE2075678EDDD16803E3FCB5A&dn=475KCK-011,,,,,,,カチクオトコノコ 11 牝化改造された,,,,https://www.sehuatang.net/thread-513467-1-1.html,475KCK-011,
,magnet:?xt=urn:btih:9D89DDB975992E2E587F37BACEF8598ADF8983E8&dn=469G-627,,,,,,,#ハメられたガール ゆい,,,,https://www.sehuatang.net/thread-513465-1-1.html,469G-627,
,magnet:?xt=urn:btih:DFFA17AE6ADF3AC490BAC588194A1C592AE02126&dn=261ARA-485,,,,,,,【圧倒的美少女】24歳【天国にイキたい】みおち,,,,https://www.sehuatang.net/thread-513463-1-1.html,261ARA-485,
,magnet:?xt=urn:btih:D2975BE72C7E5DB0859E36EE95CED1636F2738EF&dn=492JCHA-006,,,,,,,JK新鮮なエロオイルマッサ施術 3,,,,https://www.sehuatang.net/thread-513457-1-1.html,492JCHA-006,
,magnet:?xt=urn:btih:4B3F88038A9E12271BD2FFF682EFCD90A6D1BE7C&dn=492JCHA-004,,,,,,,JK新鮮なエロオイルマッサ施術 1,,,,https://www.sehuatang.net/thread-513452-1-1.html,492JCHA-004,
,magnet:?xt=urn:btih:E1F2EB54184C7E45A01D287B212DDBB35237C604&dn=492JCHA-003,,,,,,,突然ザーメン 2,,,,https://www.sehuatang.net/thread-513451-1-1.html,492JCHA-003,
,magnet:?xt=urn:btih:827E5E1C5A31268818A8E7506D0FD46772986871&dn=492JCHA-001,,,,,,,ラップ越しの素股って油断させて突き破って,,,,https://www.sehuatang.net/thread-513447-1-1.html,492JCHA-001,
,magnet:?xt=urn:btih:DBD06FF0C0BD662D14AD78B59E9515B700DC0617&dn=491TKWA-059,,,,,,,あい 2,,,,https://www.sehuatang.net/thread-513442-1-1.html,491TKWA-059,
,magnet:?xt=urn:btih:887F4FC9692E1EB00CEE3E93655E08A71B0A892F&dn=491TKWA-058,,,,,,,あい,,,,https://www.sehuatang.net/thread-513441-1-1.html,491TKWA-058,
